sub,group,age,hemi,ROI,ROItype,category,stream,meanT,catSelectivity
AOK07_190203_time_03_2,kids,13,lh,CoS_places,category,place,ventral,2.923736794,Places
AOK07_190203_time_03_2,kids,13,lh,IOG_faces,category,face,ventral,0.581065077,Faces
AOK07_190203_time_03_2,kids,13,lh,IPS_places,category,place,dorsal,3.968991427,Places
AOK07_190203_time_03_2,kids,13,lh,ITG_limbs,category,bodies,lateral,3.570531852,Bodies
AOK07_190203_time_03_2,kids,13,lh,LOS_limbs,category,bodies,lateral,3.974849372,Bodies
AOK07_190203_time_03_2,kids,13,lh,mFus_faces,category,face,ventral,1.364714993,Faces
AOK07_190203_time_03_2,kids,13,lh,MOG_places,category,place,dorsal,4.543284188,Places
AOK07_190203_time_03_2,kids,13,lh,mOTS_words,category,words,ventral,1.653286126,Words
AOK07_190203_time_03_2,kids,13,lh,MTG_limbs,category,bodies,lateral,-0.0687311,Bodies
AOK07_190203_time_03_2,kids,13,lh,OTS_bodies,category,bodies,ventral,1.473895217,Bodies
AOK07_190203_time_03_2,kids,13,lh,pFus_faces,category,face,ventral,0.729225821,Faces
AOK07_190203_time_03_2,kids,13,lh,pOTS_words,category,words,ventral,2.555436865,Words
CGSA11_190910_time_04_1,kids,17,lh,CoS_places,category,place,ventral,3.181653928,Places
CGSA11_190910_time_04_1,kids,17,lh,IOG_faces,category,face,ventral,1.479793085,Faces
CGSA11_190910_time_04_1,kids,17,lh,IPS_places,category,place,dorsal,2.562962255,Places
CGSA11_190910_time_04_1,kids,17,lh,ITG_limbs,category,bodies,lateral,1.789378354,Bodies
CGSA11_190910_time_04_1,kids,17,lh,LOS_limbs,category,bodies,lateral,4.398926248,Bodies
CGSA11_190910_time_04_1,kids,17,lh,mFus_faces,category,face,ventral,2.507522518,Faces
CGSA11_190910_time_04_1,kids,17,lh,MOG_places,category,place,dorsal,4.959885097,Places
CGSA11_190910_time_04_1,kids,17,lh,mOTS_words,category,words,ventral,1.164015141,Words
CGSA11_190910_time_04_1,kids,17,lh,MTG_limbs,category,bodies,lateral,2.1090872,Bodies
CGSA11_190910_time_04_1,kids,17,lh,OTS_bodies,category,bodies,ventral,0.94173676,Bodies
CGSA11_190910_time_04_1,kids,17,lh,pFus_faces,category,face,ventral,0.877487145,Faces
CGSA11_190910_time_04_1,kids,17,lh,pOTS_words,category,words,ventral,3.199159574,Words
CGSA11_190910_time_04_1,kids,17,lh,pSTS_faces,category,face,lateral,0.43267457,Faces
CLC06_190912_time_04_1,kids,11,lh,CoS_places,category,place,ventral,2.51861967,Places
CLC06_190912_time_04_1,kids,11,lh,IPS_places,category,place,dorsal,2.256585346,Places
CLC06_190912_time_04_1,kids,11,lh,mFus_faces,category,face,ventral,0.940794699,Faces
CLC06_190912_time_04_1,kids,11,lh,MOG_places,category,place,dorsal,1.921626759,Places
CLC06_190912_time_04_1,kids,11,lh,MTG_limbs,category,bodies,lateral,2.34485506,Bodies
CLC06_190912_time_04_1,kids,11,lh,OTS_bodies,category,bodies,ventral,1.275489262,Bodies
CLC06_190912_time_04_1,kids,11,lh,pFus_faces,category,face,ventral,0.244097662,Faces
CLC06_190912_time_04_1,kids,11,lh,pSTS_faces,category,face,lateral,-1.1910378,Faces
CR24_181106_time_03_2,adults,24,lh,CoS_places,category,place,ventral,1.603954498,Places
CR24_181106_time_03_2,adults,24,lh,IOG_faces,category,face,ventral,1.900239863,Faces
CR24_181106_time_03_2,adults,24,lh,IPS_places,category,place,dorsal,1.717512572,Places
CR24_181106_time_03_2,adults,24,lh,ITG_limbs,category,bodies,lateral,1.959916486,Bodies
CR24_181106_time_03_2,adults,24,lh,LOS_limbs,category,bodies,lateral,5.418199466,Bodies
CR24_181106_time_03_2,adults,24,lh,mFus_faces,category,face,ventral,2.2887818,Faces
CR24_181106_time_03_2,adults,24,lh,MTG_limbs,category,bodies,lateral,3.76750177,Bodies
CR24_181106_time_03_2,adults,24,lh,pFus_faces,category,face,ventral,3.473572529,Faces
CR24_181106_time_03_2,adults,24,lh,pOTS_words,category,words,ventral,3.779504188,Words
CR24_181106_time_03_2,adults,24,lh,pSTS_faces,category,face,lateral,0.97095187,Faces
CS11_181215_time_03_2,kids,14,lh,CoS_places,category,place,ventral,4.122924073,Places
CS11_181215_time_03_2,kids,14,lh,IOG_faces,category,face,ventral,-0.32471021,Faces
CS11_181215_time_03_2,kids,14,lh,IPS_places,category,place,dorsal,4.305777123,Places
CS11_181215_time_03_2,kids,14,lh,LOS_limbs,category,bodies,lateral,2.735065817,Bodies
CS11_181215_time_03_2,kids,14,lh,mFus_faces,category,face,ventral,0.859153012,Faces
CS11_181215_time_03_2,kids,14,lh,MOG_places,category,place,dorsal,5.059426328,Places
CS11_181215_time_03_2,kids,14,lh,mOTS_words,category,words,ventral,1.650065491,Words
CS11_181215_time_03_2,kids,14,lh,MTG_limbs,category,bodies,lateral,1.02872408,Bodies
CS11_181215_time_03_2,kids,14,lh,pFus_faces,category,face,ventral,-0.32471021,Faces
CS11_181215_time_03_2,kids,14,lh,pOTS_words,category,words,ventral,2.803967831,Words
CS22_190217_time_03_1,adults,22,lh,IOG_faces,category,face,ventral,1.846779243,Faces
CS22_190217_time_03_1,adults,22,lh,IPS_places,category,place,dorsal,3.398488069,Places
CS22_190217_time_03_1,adults,22,lh,ITG_limbs,category,bodies,lateral,2.096254879,Bodies
CS22_190217_time_03_1,adults,22,lh,LOS_limbs,category,bodies,lateral,6.20724386,Bodies
CS22_190217_time_03_1,adults,22,lh,mFus_faces,category,face,ventral,1.299953239,Faces
CS22_190217_time_03_1,adults,22,lh,MOG_places,category,place,dorsal,3.582005984,Places
CS22_190217_time_03_1,adults,22,lh,MTG_limbs,category,bodies,lateral,4.25935572,Bodies
CS22_190217_time_03_1,adults,22,lh,OTS_bodies,category,bodies,ventral,1.669420815,Bodies
CS22_190217_time_03_1,adults,22,lh,pFus_faces,category,face,ventral,2.242533566,Faces
CS22_190217_time_03_1,adults,22,lh,pOTS_words,category,words,ventral,2.311382367,Words
CS22_190217_time_03_1,adults,22,lh,pSTS_faces,category,face,lateral,1.06784599,Faces
DAPA10_181201_time_03_2,kids,15,lh,CoS_places,category,place,ventral,2.966550798,Places
DAPA10_181201_time_03_2,kids,15,lh,IPS_places,category,place,dorsal,0.866758688,Places
DAPA10_181201_time_03_2,kids,15,lh,ITG_limbs,category,bodies,lateral,6.076603143,Bodies
DAPA10_181201_time_03_2,kids,15,lh,LOS_limbs,category,bodies,lateral,3.28511084,Bodies
DAPA10_181201_time_03_2,kids,15,lh,mFus_faces,category,face,ventral,-0.852123687,Faces
DAPA10_181201_time_03_2,kids,15,lh,MOG_places,category,place,dorsal,5.637547156,Places
DAPA10_181201_time_03_2,kids,15,lh,MTG_limbs,category,bodies,lateral,1.05806787,Bodies
DAPA10_181201_time_03_2,kids,15,lh,OTS_bodies,category,bodies,ventral,2.222316356,Bodies
DAPA10_181201_time_03_2,kids,15,lh,pFus_faces,category,face,ventral,3.541965712,Faces
DAPA10_181201_time_03_2,kids,15,lh,pOTS_words,category,words,ventral,2.136526254,Words
DAPA10_181201_time_03_2,kids,15,lh,pSTS_faces,category,face,lateral,0.91406819,Faces
DAPA10_190921_time_04_1,kids,16,lh,CoS_places,category,place,ventral,3.496143196,Places
DAPA10_190921_time_04_1,kids,16,lh,IPS_places,category,place,dorsal,5.362528007,Places
DAPA10_190921_time_04_1,kids,16,lh,ITG_limbs,category,bodies,lateral,7.204641512,Bodies
DAPA10_190921_time_04_1,kids,16,lh,LOS_limbs,category,bodies,lateral,3.341988925,Bodies
DAPA10_190921_time_04_1,kids,16,lh,mFus_faces,category,face,ventral,-2.366501264,Faces
DAPA10_190921_time_04_1,kids,16,lh,MOG_places,category,place,dorsal,6.194806326,Places
DAPA10_190921_time_04_1,kids,16,lh,MTG_limbs,category,bodies,lateral,2.62986912,Bodies
DAPA10_190921_time_04_1,kids,16,lh,OTS_bodies,category,bodies,ventral,2.881051418,Bodies
DAPA10_190921_time_04_1,kids,16,lh,pFus_faces,category,face,ventral,3.173656966,Faces
DAPA10_190921_time_04_1,kids,16,lh,pOTS_words,category,words,ventral,2.203590675,Words
DAPA10_190921_time_04_1,kids,16,lh,pSTS_faces,category,face,lateral,-1.8117141,Faces
df032518,adults,25,lh,CoS_places,category,place,ventral,2.069151089,Places
df032518,adults,25,lh,IPS_places,category,place,dorsal,3.95945416,Places
df032518,adults,25,lh,ITG_limbs,category,bodies,lateral,3.340503232,Bodies
df032518,adults,25,lh,LOS_limbs,category,bodies,lateral,1.31860696,Bodies
df032518,adults,25,lh,mFus_faces,category,face,ventral,3.495555619,Faces
df032518,adults,25,lh,MOG_places,category,place,dorsal,5.125728424,Places
df032518,adults,25,lh,mOTS_words,category,words,ventral,1.743336348,Words
df032518,adults,25,lh,MTG_limbs,category,bodies,lateral,2.67006785,Bodies
df032518,adults,25,lh,OTS_bodies,category,bodies,ventral,1.087027754,Bodies
df032518,adults,25,lh,pFus_faces,category,face,ventral,1.772933135,Faces
df032518,adults,25,lh,pOTS_words,category,words,ventral,2.588481643,Words
df032518,adults,25,lh,pSTS_faces,category,face,lateral,-1.5290387,Faces
DRS22,adults,22,lh,CoS_places,category,place,ventral,2.292649634,Places
DRS22,adults,22,lh,IPS_places,category,place,dorsal,3.963054961,Places
DRS22,adults,22,lh,ITG_limbs,category,bodies,lateral,1.574307621,Bodies
DRS22,adults,22,lh,LOS_limbs,category,bodies,lateral,5.384632235,Bodies
DRS22,adults,22,lh,mFus_faces,category,face,ventral,0.600192949,Faces
DRS22,adults,22,lh,MOG_places,category,place,dorsal,5.759499943,Places
DRS22,adults,22,lh,mOTS_words,category,words,ventral,2.05865362,Words
DRS22,adults,22,lh,MTG_limbs,category,bodies,lateral,1.26014694,Bodies
DRS22,adults,22,lh,OTS_bodies,category,bodies,ventral,2.259009636,Bodies
DRS22,adults,22,lh,pFus_faces,category,face,ventral,1.910258378,Faces
DRS22,adults,22,lh,pOTS_words,category,words,ventral,2.793335667,Words
DRS22,adults,22,lh,pSTS_faces,category,face,lateral,0.81252698,Faces
ED07_190824_time_04_2,kids,11,lh,CoS_places,category,place,ventral,2.713828466,Places
ED07_190824_time_04_2,kids,11,lh,IOG_faces,category,face,ventral,-1.014802964,Faces
ED07_190824_time_04_2,kids,11,lh,IPS_places,category,place,dorsal,3.488947662,Places
ED07_190824_time_04_2,kids,11,lh,ITG_limbs,category,bodies,lateral,3.189205332,Bodies
ED07_190824_time_04_2,kids,11,lh,LOS_limbs,category,bodies,lateral,2.407958418,Bodies
ED07_190824_time_04_2,kids,11,lh,mFus_faces,category,face,ventral,0.98373836,Faces
ED07_190824_time_04_2,kids,11,lh,MOG_places,category,place,dorsal,3.713635199,Places
ED07_190824_time_04_2,kids,11,lh,MTG_limbs,category,bodies,lateral,-0.1324673,Bodies
ED07_190824_time_04_2,kids,11,lh,OTS_bodies,category,bodies,ventral,2.711526837,Bodies
ED07_190824_time_04_2,kids,11,lh,pFus_faces,category,face,ventral,3.103174926,Faces
ED07_190824_time_04_2,kids,11,lh,pOTS_words,category,words,ventral,0.982096836,Words
ED07_190824_time_04_2,kids,11,lh,pSTS_faces,category,face,lateral,-0.5291206,Faces
em_050317,adults,22,lh,CoS_places,category,place,ventral,2.897228397,Places
em_050317,adults,22,lh,IPS_places,category,place,dorsal,2.593032594,Places
em_050317,adults,22,lh,ITG_limbs,category,bodies,lateral,7.307370977,Bodies
em_050317,adults,22,lh,LOS_limbs,category,bodies,lateral,3.944802852,Bodies
em_050317,adults,22,lh,mFus_faces,category,face,ventral,-0.124046463,Faces
em_050317,adults,22,lh,MOG_places,category,place,dorsal,-0.286093428,Places
em_050317,adults,22,lh,MTG_limbs,category,bodies,lateral,1.02878643,Bodies
em_050317,adults,22,lh,OTS_bodies,category,bodies,ventral,2.027160917,Bodies
em_050317,adults,22,lh,pFus_faces,category,face,ventral,1.688766402,Faces
em_050317,adults,22,lh,pOTS_words,category,words,ventral,-0.341485505,Words
em_050317,adults,22,lh,pSTS_faces,category,face,lateral,-1.5841697,Faces
ENK05_181201_time_03_1,kids,10,lh,CoS_places,category,place,ventral,2.270646293,Places
ENK05_181201_time_03_1,kids,10,lh,IPS_places,category,place,dorsal,6.25700871,Places
ENK05_181201_time_03_1,kids,10,lh,ITG_limbs,category,bodies,lateral,2.115683852,Bodies
ENK05_181201_time_03_1,kids,10,lh,LOS_limbs,category,bodies,lateral,6.604559986,Bodies
ENK05_181201_time_03_1,kids,10,lh,MOG_places,category,place,dorsal,5.790637834,Places
ENK05_181201_time_03_1,kids,10,lh,mOTS_words,category,words,ventral,1.802708063,Words
ENK05_181201_time_03_1,kids,10,lh,MTG_limbs,category,bodies,lateral,-0.6770763,Bodies
ENK05_181201_time_03_1,kids,10,lh,pFus_faces,category,face,ventral,0.476588072,Faces
ENK05_181201_time_03_1,kids,10,lh,pOTS_words,category,words,ventral,3.087209392,Words
ENK05_181201_time_03_1,kids,10,lh,pSTS_faces,category,face,lateral,0.0356546,Faces
ENK05_190203_time_03_2,kids,11,lh,CoS_places,category,place,ventral,2.270094104,Places
ENK05_190203_time_03_2,kids,11,lh,IPS_places,category,place,dorsal,5.441160969,Places
ENK05_190203_time_03_2,kids,11,lh,ITG_limbs,category,bodies,lateral,1.3139799,Bodies
ENK05_190203_time_03_2,kids,11,lh,LOS_limbs,category,bodies,lateral,7.029875291,Bodies
ENK05_190203_time_03_2,kids,11,lh,mFus_faces,category,face,ventral,2.107342451,Faces
ENK05_190203_time_03_2,kids,11,lh,MOG_places,category,place,dorsal,2.996125422,Places
ENK05_190203_time_03_2,kids,11,lh,MTG_limbs,category,bodies,lateral,-0.370621,Bodies
ENK05_190203_time_03_2,kids,11,lh,OTS_bodies,category,bodies,ventral,1.329094871,Bodies
ENK05_190203_time_03_2,kids,11,lh,pFus_faces,category,face,ventral,1.280427983,Faces
ENK05_190203_time_03_2,kids,11,lh,pOTS_words,category,words,ventral,2.419951882,Words
ENK05_190203_time_03_2,kids,11,lh,pSTS_faces,category,face,lateral,1.19200755,Faces
es103118,adults,28,lh,CoS_places,category,place,ventral,0.927864918,Places
es103118,adults,28,lh,IOG_faces,category,face,ventral,-0.557686788,Faces
es103118,adults,28,lh,IPS_places,category,place,dorsal,2.18210254,Places
es103118,adults,28,lh,LOS_limbs,category,bodies,lateral,-1.970857012,Bodies
es103118,adults,28,lh,mFus_faces,category,face,ventral,0.828767246,Faces
es103118,adults,28,lh,MOG_places,category,place,dorsal,1.343236741,Places
es103118,adults,28,lh,MTG_limbs,category,bodies,lateral,1.84977285,Bodies
es103118,adults,28,lh,OTS_bodies,category,bodies,ventral,1.139742702,Bodies
es103118,adults,28,lh,pFus_faces,category,face,ventral,0.187019286,Faces
es103118,adults,28,lh,pSTS_faces,category,face,lateral,3.43690604,Faces
GB23_190117_time_03_1,adults,23,lh,CoS_places,category,place,ventral,1.980211776,Places
GB23_190117_time_03_1,adults,23,lh,ITG_limbs,category,bodies,lateral,1.874399922,Bodies
GB23_190117_time_03_1,adults,23,lh,LOS_limbs,category,bodies,lateral,1.598515853,Bodies
GB23_190117_time_03_1,adults,23,lh,MOG_places,category,place,dorsal,2.556714695,Places
GB23_190117_time_03_1,adults,23,lh,mOTS_words,category,words,ventral,2.441206142,Words
GB23_190117_time_03_1,adults,23,lh,MTG_limbs,category,bodies,lateral,0.12420917,Bodies
GB23_190117_time_03_1,adults,23,lh,pOTS_words,category,words,ventral,1.613960363,Words
GB23_190117_time_03_1,adults,23,lh,pSTS_faces,category,face,lateral,0.29135269,Faces
GEJA09_190921_time_04_1,kids,14,lh,CoS_places,category,place,ventral,1.46815517,Places
GEJA09_190921_time_04_1,kids,14,lh,IOG_faces,category,face,ventral,-0.301126817,Faces
GEJA09_190921_time_04_1,kids,14,lh,IPS_places,category,place,dorsal,3.045359781,Places
GEJA09_190921_time_04_1,kids,14,lh,ITG_limbs,category,bodies,lateral,3.639973402,Bodies
GEJA09_190921_time_04_1,kids,14,lh,LOS_limbs,category,bodies,lateral,2.106610546,Bodies
GEJA09_190921_time_04_1,kids,14,lh,mFus_faces,category,face,ventral,0.707456636,Faces
GEJA09_190921_time_04_1,kids,14,lh,MOG_places,category,place,dorsal,0.811732778,Places
GEJA09_190921_time_04_1,kids,14,lh,MTG_limbs,category,bodies,lateral,2.2870779,Bodies
GEJA09_190921_time_04_1,kids,14,lh,OTS_bodies,category,bodies,ventral,1.329775676,Bodies
GEJA09_190921_time_04_1,kids,14,lh,pFus_faces,category,face,ventral,1.992814092,Faces
GEJA09_190921_time_04_1,kids,14,lh,pOTS_words,category,words,ventral,3.802888492,Words
GEJA09_190921_time_04_1,kids,14,lh,pSTS_faces,category,face,lateral,0.11894662,Faces
INW06_191006_time_04_1,kids,12,lh,CoS_places,category,place,ventral,2.457359743,Places
INW06_191006_time_04_1,kids,12,lh,IPS_places,category,place,dorsal,3.680240936,Places
INW06_191006_time_04_1,kids,12,lh,ITG_limbs,category,bodies,lateral,3.320289109,Bodies
INW06_191006_time_04_1,kids,12,lh,LOS_limbs,category,bodies,lateral,3.541883982,Bodies
INW06_191006_time_04_1,kids,12,lh,mFus_faces,category,face,ventral,-0.481039096,Faces
INW06_191006_time_04_1,kids,12,lh,MOG_places,category,place,dorsal,4.112121389,Places
INW06_191006_time_04_1,kids,12,lh,mOTS_words,category,words,ventral,2.427630304,Words
INW06_191006_time_04_1,kids,12,lh,MTG_limbs,category,bodies,lateral,2.14289704,Bodies
INW06_191006_time_04_1,kids,12,lh,pFus_faces,category,face,ventral,-1.299798398,Faces
INW06_191006_time_04_1,kids,12,lh,pOTS_words,category,words,ventral,2.665384726,Words
INW06_191006_time_04_1,kids,12,lh,pSTS_faces,category,face,lateral,-0.9979327,Faces
JEW23_181211_time_03_1,adults,23,lh,CoS_places,category,place,ventral,3.549561926,Places
JEW23_181211_time_03_1,adults,23,lh,IOG_faces,category,face,ventral,0.613183288,Faces
JEW23_181211_time_03_1,adults,23,lh,IPS_places,category,place,dorsal,4.014401472,Places
JEW23_181211_time_03_1,adults,23,lh,ITG_limbs,category,bodies,lateral,3.882121031,Bodies
JEW23_181211_time_03_1,adults,23,lh,LOS_limbs,category,bodies,lateral,4.904820694,Bodies
JEW23_181211_time_03_1,adults,23,lh,mFus_faces,category,face,ventral,1.333840907,Faces
JEW23_181211_time_03_1,adults,23,lh,MOG_places,category,place,dorsal,4.189293352,Places
JEW23_181211_time_03_1,adults,23,lh,MTG_limbs,category,bodies,lateral,2.46215077,Bodies
JEW23_181211_time_03_1,adults,23,lh,OTS_bodies,category,bodies,ventral,2.141877211,Bodies
JEW23_181211_time_03_1,adults,23,lh,pFus_faces,category,face,ventral,0.727090569,Faces
JEW23_181211_time_03_1,adults,23,lh,pOTS_words,category,words,ventral,2.649169782,Words
JEW23_181211_time_03_1,adults,23,lh,pSTS_faces,category,face,lateral,0.80366744,Faces
JP23_170111_time_02_1,adults,23,lh,CoS_places,category,place,ventral,-0.428944359,Places
JP23_170111_time_02_1,adults,23,lh,IOG_faces,category,face,ventral,0.106868504,Faces
JP23_170111_time_02_1,adults,23,lh,IPS_places,category,place,dorsal,-0.289608949,Places
JP23_170111_time_02_1,adults,23,lh,ITG_limbs,category,bodies,lateral,0.347950177,Bodies
JP23_170111_time_02_1,adults,23,lh,LOS_limbs,category,bodies,lateral,0.879614651,Bodies
JP23_170111_time_02_1,adults,23,lh,mFus_faces,category,face,ventral,-0.183640167,Faces
JP23_170111_time_02_1,adults,23,lh,MOG_places,category,place,dorsal,-0.678858123,Places
JP23_170111_time_02_1,adults,23,lh,mOTS_words,category,words,ventral,-0.011120511,Words
JP23_170111_time_02_1,adults,23,lh,MTG_limbs,category,bodies,lateral,0.22654769,Bodies
JP23_170111_time_02_1,adults,23,lh,OTS_bodies,category,bodies,ventral,-0.004093359,Bodies
JP23_170111_time_02_1,adults,23,lh,pFus_faces,category,face,ventral,-0.084450559,Faces
JP23_170111_time_02_1,adults,23,lh,pOTS_words,category,words,ventral,0.073746624,Words
JP23_170111_time_02_1,adults,23,lh,pSTS_faces,category,face,lateral,-0.5771115,Faces
jw103018,adults,28,lh,CoS_places,category,place,ventral,0.357813311,Places
jw103018,adults,28,lh,IOG_faces,category,face,ventral,-2.725451337,Faces
jw103018,adults,28,lh,IPS_places,category,place,dorsal,-0.122577114,Places
jw103018,adults,28,lh,LOS_limbs,category,bodies,lateral,-1.126881598,Bodies
jw103018,adults,28,lh,mFus_faces,category,face,ventral,-0.350229905,Faces
jw103018,adults,28,lh,MOG_places,category,place,dorsal,1.056082416,Places
jw103018,adults,28,lh,MTG_limbs,category,bodies,lateral,-0.9970024,Bodies
jw103018,adults,28,lh,OTS_bodies,category,bodies,ventral,0.465409036,Bodies
jw103018,adults,28,lh,pFus_faces,category,face,ventral,-1.38817938,Faces
jw103018,adults,28,lh,pSTS_faces,category,face,lateral,-0.2318311,Faces
KG22_190128_time_03_1,adults,26,lh,CoS_places,category,place,ventral,3.086764804,Places
KG22_190128_time_03_1,adults,26,lh,IPS_places,category,place,dorsal,4.339605607,Places
KG22_190128_time_03_1,adults,26,lh,mFus_faces,category,face,ventral,2.68786152,Faces
KG22_190128_time_03_1,adults,26,lh,MOG_places,category,place,dorsal,2.729450882,Places
KG22_190128_time_03_1,adults,26,lh,MTG_limbs,category,bodies,lateral,1.15356511,Bodies
KG22_190128_time_03_1,adults,26,lh,OTS_bodies,category,bodies,ventral,1.104949317,Bodies
KG22_190128_time_03_1,adults,26,lh,pFus_faces,category,face,ventral,2.459855323,Faces
KG22_190128_time_03_1,adults,26,lh,pOTS_words,category,words,ventral,1.89438991,Words
KM25_181204_time_03_1,adults,25,lh,CoS_places,category,place,ventral,2.204166381,Places
KM25_181204_time_03_1,adults,25,lh,IPS_places,category,place,dorsal,1.734008305,Places
KM25_181204_time_03_1,adults,25,lh,ITG_limbs,category,bodies,lateral,3.317638981,Bodies
KM25_181204_time_03_1,adults,25,lh,LOS_limbs,category,bodies,lateral,6.067672625,Bodies
KM25_181204_time_03_1,adults,25,lh,MTG_limbs,category,bodies,lateral,4.11157663,Bodies
KM25_181204_time_03_1,adults,25,lh,OTS_bodies,category,bodies,ventral,0.955048884,Bodies
KM25_181204_time_03_1,adults,25,lh,pFus_faces,category,face,ventral,0.471751389,Faces
KM25_181204_time_03_1,adults,25,lh,pOTS_words,category,words,ventral,2.174015523,Words
KM25_181204_time_03_1,adults,25,lh,pSTS_faces,category,face,lateral,0.31738081,Faces
MBA24_190130_time_03_1,adults,28,lh,CoS_places,category,place,ventral,1.998831974,Places
MBA24_190130_time_03_1,adults,28,lh,IPS_places,category,place,dorsal,1.690114278,Places
MBA24_190130_time_03_1,adults,28,lh,ITG_limbs,category,bodies,lateral,2.080345067,Bodies
MBA24_190130_time_03_1,adults,28,lh,LOS_limbs,category,bodies,lateral,2.296138695,Bodies
MBA24_190130_time_03_1,adults,28,lh,mFus_faces,category,face,ventral,1.725837851,Faces
MBA24_190130_time_03_1,adults,28,lh,MOG_places,category,place,dorsal,2.706141804,Places
MBA24_190130_time_03_1,adults,28,lh,mOTS_words,category,words,ventral,1.27873654,Words
MBA24_190130_time_03_1,adults,28,lh,MTG_limbs,category,bodies,lateral,2.10201492,Bodies
MBA24_190130_time_03_1,adults,28,lh,pFus_faces,category,face,ventral,2.434845514,Faces
MBA24_190130_time_03_1,adults,28,lh,pOTS_words,category,words,ventral,2.599036741,Words
MBA24_190130_time_03_1,adults,28,lh,pSTS_faces,category,face,lateral,1.32421054,Faces
MDT09_191027_time_03_2,kids,14,lh,CoS_places,category,place,ventral,3.307366441,Places
MDT09_191027_time_03_2,kids,14,lh,IPS_places,category,place,dorsal,1.818610832,Places
MDT09_191027_time_03_2,kids,14,lh,ITG_limbs,category,bodies,lateral,5.369886409,Bodies
MDT09_191027_time_03_2,kids,14,lh,LOS_limbs,category,bodies,lateral,2.741351334,Bodies
MDT09_191027_time_03_2,kids,14,lh,mFus_faces,category,face,ventral,2.062413312,Faces
MDT09_191027_time_03_2,kids,14,lh,MOG_places,category,place,dorsal,4.580146688,Places
MDT09_191027_time_03_2,kids,14,lh,MTG_limbs,category,bodies,lateral,1.28000436,Bodies
MDT09_191027_time_03_2,kids,14,lh,OTS_bodies,category,bodies,ventral,0.114723715,Bodies
MDT09_191027_time_03_2,kids,14,lh,pFus_faces,category,face,ventral,0.823583003,Faces
MDT09_191027_time_03_2,kids,14,lh,pOTS_words,category,words,ventral,3.170135753,Words
MDT09_191027_time_03_2,kids,14,lh,pSTS_faces,category,face,lateral,-2.1634194,Faces
mg_041817,adults,29,lh,CoS_places,category,place,ventral,2.136990191,Places
mg_041817,adults,29,lh,IOG_faces,category,face,ventral,-0.321572407,Faces
mg_041817,adults,29,lh,IPS_places,category,place,dorsal,3.116066548,Places
mg_041817,adults,29,lh,ITG_limbs,category,bodies,lateral,5.523384765,Bodies
mg_041817,adults,29,lh,LOS_limbs,category,bodies,lateral,4.857186199,Bodies
mg_041817,adults,29,lh,mFus_faces,category,face,ventral,0.065570436,Faces
mg_041817,adults,29,lh,MOG_places,category,place,dorsal,2.297644078,Places
mg_041817,adults,29,lh,MTG_limbs,category,bodies,lateral,0.0868798,Bodies
mg_041817,adults,29,lh,OTS_bodies,category,bodies,ventral,2.086986456,Bodies
mg_041817,adults,29,lh,pFus_faces,category,face,ventral,-0.321572407,Faces
mg_041817,adults,29,lh,pOTS_words,category,words,ventral,0.373957587,Words
mg_041817,adults,29,lh,pSTS_faces,category,face,lateral,-1.9204171,Faces
mh102018,adults,25,lh,CoS_places,category,place,ventral,0.096540375,Places
mh102018,adults,25,lh,IOG_faces,category,face,ventral,-0.6072417,Faces
mh102018,adults,25,lh,IPS_places,category,place,dorsal,-0.874124235,Places
mh102018,adults,25,lh,LOS_limbs,category,bodies,lateral,0.079975155,Bodies
mh102018,adults,25,lh,mFus_faces,category,face,ventral,-0.665475095,Faces
mh102018,adults,25,lh,MOG_places,category,place,dorsal,-0.944433123,Places
mh102018,adults,25,lh,MTG_limbs,category,bodies,lateral,0.07997516,Bodies
mh102018,adults,25,lh,OTS_bodies,category,bodies,ventral,-0.13901328,Bodies
mh102018,adults,25,lh,pFus_faces,category,face,ventral,-0.802980154,Faces
mh102018,adults,25,lh,pSTS_faces,category,face,lateral,-1.8392224,Faces
MN181023,adults,25,lh,CoS_places,category,place,ventral,0.572965816,Places
MN181023,adults,25,lh,IOG_faces,category,face,ventral,-0.898759183,Faces
MN181023,adults,25,lh,IPS_places,category,place,dorsal,0.128128036,Places
MN181023,adults,25,lh,ITG_limbs,category,bodies,lateral,1.27087191,Bodies
MN181023,adults,25,lh,LOS_limbs,category,bodies,lateral,1.012354968,Bodies
MN181023,adults,25,lh,MOG_places,category,place,dorsal,0.151098755,Places
MN181023,adults,25,lh,MTG_limbs,category,bodies,lateral,0.26780084,Bodies
MN181023,adults,25,lh,OTS_bodies,category,bodies,ventral,0.267800836,Bodies
MN181023,adults,25,lh,pFus_faces,category,face,ventral,-0.615131645,Faces
MN181023,adults,25,lh,pSTS_faces,category,face,lateral,-0.9839777,Faces
MSH28_181008_time_03_1,adults,31,lh,CoS_places,category,place,ventral,1.828886945,Places
MSH28_181008_time_03_1,adults,31,lh,IPS_places,category,place,dorsal,2.848633127,Places
MSH28_181008_time_03_1,adults,31,lh,ITG_limbs,category,bodies,lateral,1.554249654,Bodies
MSH28_181008_time_03_1,adults,31,lh,LOS_limbs,category,bodies,lateral,3.200830263,Bodies
MSH28_181008_time_03_1,adults,31,lh,mFus_faces,category,face,ventral,0.847664179,Faces
MSH28_181008_time_03_1,adults,31,lh,MOG_places,category,place,dorsal,4.216755582,Places
MSH28_181008_time_03_1,adults,31,lh,MTG_limbs,category,bodies,lateral,-0.627724,Bodies
MSH28_181008_time_03_1,adults,31,lh,OTS_bodies,category,bodies,ventral,2.287618131,Bodies
MSH28_181008_time_03_1,adults,31,lh,pFus_faces,category,face,ventral,0.432757435,Faces
MSH28_181008_time_03_1,adults,31,lh,pOTS_words,category,words,ventral,1.402562087,Words
MW23_190306_time_03_1,adults,23,lh,CoS_places,category,place,ventral,3.868095782,Places
MW23_190306_time_03_1,adults,23,lh,IOG_faces,category,face,ventral,0.618747243,Faces
MW23_190306_time_03_1,adults,23,lh,IPS_places,category,place,dorsal,2.012595756,Places
MW23_190306_time_03_1,adults,23,lh,ITG_limbs,category,bodies,lateral,4.578913021,Bodies
MW23_190306_time_03_1,adults,23,lh,LOS_limbs,category,bodies,lateral,4.94732558,Bodies
MW23_190306_time_03_1,adults,23,lh,mFus_faces,category,face,ventral,2.204109899,Faces
MW23_190306_time_03_1,adults,23,lh,MOG_places,category,place,dorsal,3.208358671,Places
MW23_190306_time_03_1,adults,23,lh,mOTS_words,category,words,ventral,3.694549336,Words
MW23_190306_time_03_1,adults,23,lh,MTG_limbs,category,bodies,lateral,1.04675697,Bodies
MW23_190306_time_03_1,adults,23,lh,pOTS_words,category,words,ventral,2.904493067,Words
MW23_190306_time_03_1,adults,23,lh,pSTS_faces,category,face,lateral,0.75497854,Faces
MZ190410,adults,23,lh,CoS_places,category,place,ventral,0.850365578,Places
MZ190410,adults,23,lh,IPS_places,category,place,dorsal,2.124200641,Places
MZ190410,adults,23,lh,ITG_limbs,category,bodies,lateral,0.09413397,Bodies
MZ190410,adults,23,lh,LOS_limbs,category,bodies,lateral,1.828132259,Bodies
MZ190410,adults,23,lh,mFus_faces,category,face,ventral,-0.233298625,Faces
MZ190410,adults,23,lh,MOG_places,category,place,dorsal,0.820114158,Places
MZ190410,adults,23,lh,mOTS_words,category,words,ventral,1.787401336,Words
MZ190410,adults,23,lh,MTG_limbs,category,bodies,lateral,1.24093728,Bodies
MZ190410,adults,23,lh,OTS_bodies,category,bodies,ventral,0.98359367,Bodies
MZ190410,adults,23,lh,pFus_faces,category,face,ventral,0.149034698,Faces
MZ190410,adults,23,lh,pOTS_words,category,words,ventral,2.937752288,Words
MZ190410,adults,23,lh,pSTS_faces,category,face,lateral,-1.222729,Faces
NAV22_181218_time_03_1,adults,22,lh,CoS_places,category,place,ventral,3.213204213,Places
NAV22_181218_time_03_1,adults,22,lh,IOG_faces,category,face,ventral,0.602200537,Faces
NAV22_181218_time_03_1,adults,22,lh,IPS_places,category,place,dorsal,3.773269968,Places
NAV22_181218_time_03_1,adults,22,lh,ITG_limbs,category,bodies,lateral,0.282700391,Bodies
NAV22_181218_time_03_1,adults,22,lh,LOS_limbs,category,bodies,lateral,3.001508238,Bodies
NAV22_181218_time_03_1,adults,22,lh,mFus_faces,category,face,ventral,1.7753111,Faces
NAV22_181218_time_03_1,adults,22,lh,MOG_places,category,place,dorsal,5.49209275,Places
NAV22_181218_time_03_1,adults,22,lh,mOTS_words,category,words,ventral,4.585551334,Words
NAV22_181218_time_03_1,adults,22,lh,MTG_limbs,category,bodies,lateral,0.20819058,Bodies
NAV22_181218_time_03_1,adults,22,lh,pFus_faces,category,face,ventral,2.66815907,Faces
NAV22_181218_time_03_1,adults,22,lh,pOTS_words,category,words,ventral,4.837498017,Words
NAV22_181218_time_03_1,adults,22,lh,pSTS_faces,category,face,lateral,-0.4646491,Faces
NC24_190217_time_03_1,adults,24,lh,CoS_places,category,place,ventral,3.315429,Places
NC24_190217_time_03_1,adults,24,lh,IOG_faces,category,face,ventral,0.37789096,Faces
NC24_190217_time_03_1,adults,24,lh,IPS_places,category,place,dorsal,4.728557369,Places
NC24_190217_time_03_1,adults,24,lh,ITG_limbs,category,bodies,lateral,3.883775052,Bodies
NC24_190217_time_03_1,adults,24,lh,LOS_limbs,category,bodies,lateral,3.957969189,Bodies
NC24_190217_time_03_1,adults,24,lh,mFus_faces,category,face,ventral,2.162868859,Faces
NC24_190217_time_03_1,adults,24,lh,MOG_places,category,place,dorsal,3.826925838,Places
NC24_190217_time_03_1,adults,24,lh,mOTS_words,category,words,ventral,3.140652652,Words
NC24_190217_time_03_1,adults,24,lh,MTG_limbs,category,bodies,lateral,3.58697473,Bodies
NC24_190217_time_03_1,adults,24,lh,pOTS_words,category,words,ventral,1.394560354,Words
NC24_190217_time_03_1,adults,24,lh,pSTS_faces,category,face,lateral,-0.9450707,Faces
OS12_190724_time_06_1,kids,17,lh,CoS_places,category,place,ventral,3.432212771,Places
OS12_190724_time_06_1,kids,17,lh,IOG_faces,category,face,ventral,-0.514979929,Faces
OS12_190724_time_06_1,kids,17,lh,IPS_places,category,place,dorsal,4.011194273,Places
OS12_190724_time_06_1,kids,17,lh,LOS_limbs,category,bodies,lateral,4.695363154,Bodies
OS12_190724_time_06_1,kids,17,lh,mFus_faces,category,face,ventral,-0.281978962,Faces
OS12_190724_time_06_1,kids,17,lh,MOG_places,category,place,dorsal,3.646903959,Places
OS12_190724_time_06_1,kids,17,lh,mOTS_words,category,words,ventral,2.430968148,Words
OS12_190724_time_06_1,kids,17,lh,MTG_limbs,category,bodies,lateral,-0.280179,Bodies
OS12_190724_time_06_1,kids,17,lh,OTS_bodies,category,bodies,ventral,0.066565705,Bodies
OS12_190724_time_06_1,kids,17,lh,pFus_faces,category,face,ventral,2.026561272,Faces
OS12_190724_time_06_1,kids,17,lh,pOTS_words,category,words,ventral,2.966295904,Words
OS12_190724_time_06_1,kids,17,lh,pSTS_faces,category,face,lateral,-0.1565921,Faces
RJ09_190810_time_04_1,kids,12,lh,CoS_places,category,place,ventral,1.918030942,Places
RJ09_190810_time_04_1,kids,12,lh,IPS_places,category,place,dorsal,3.582580832,Places
RJ09_190810_time_04_1,kids,12,lh,ITG_limbs,category,bodies,lateral,3.578346592,Bodies
RJ09_190810_time_04_1,kids,12,lh,LOS_limbs,category,bodies,lateral,4.01627657,Bodies
RJ09_190810_time_04_1,kids,12,lh,mFus_faces,category,face,ventral,1.135911529,Faces
RJ09_190810_time_04_1,kids,12,lh,MOG_places,category,place,dorsal,3.034447707,Places
RJ09_190810_time_04_1,kids,12,lh,mOTS_words,category,words,ventral,1.79437042,Words
RJ09_190810_time_04_1,kids,12,lh,MTG_limbs,category,bodies,lateral,1.26026441,Bodies
RJ09_190810_time_04_1,kids,12,lh,OTS_bodies,category,bodies,ventral,1.374917112,Bodies
RJ09_190810_time_04_1,kids,12,lh,pFus_faces,category,face,ventral,0.972644355,Faces
RJ09_190810_time_04_1,kids,12,lh,pOTS_words,category,words,ventral,2.089949942,Words
RJ09_190810_time_04_1,kids,12,lh,pSTS_faces,category,face,lateral,0.00735725,Faces
SP171101,adults,30,lh,CoS_places,category,place,ventral,1.242791782,Places
SP171101,adults,30,lh,IOG_faces,category,face,ventral,2.168622374,Faces
SP171101,adults,30,lh,IPS_places,category,place,dorsal,1.940920824,Places
SP171101,adults,30,lh,ITG_limbs,category,bodies,lateral,3.520709191,Bodies
SP171101,adults,30,lh,LOS_limbs,category,bodies,lateral,2.631826462,Bodies
SP171101,adults,30,lh,mFus_faces,category,face,ventral,0.93347268,Faces
SP171101,adults,30,lh,MOG_places,category,place,dorsal,0.796127783,Places
SP171101,adults,30,lh,mOTS_words,category,words,ventral,1.015077943,Words
SP171101,adults,30,lh,MTG_limbs,category,bodies,lateral,1.83090529,Bodies
SP171101,adults,30,lh,OTS_bodies,category,bodies,ventral,0.807792377,Bodies
SP171101,adults,30,lh,pFus_faces,category,face,ventral,2.638653377,Faces
SP171101,adults,30,lh,pOTS_words,category,words,ventral,1.066601888,Words
SP171101,adults,30,lh,pSTS_faces,category,face,lateral,0.54943755,Faces
ST25,adults,25,lh,CoS_places,category,place,ventral,3.816217281,Places
ST25,adults,25,lh,IOG_faces,category,face,ventral,-1.11328314,Faces
ST25,adults,25,lh,IPS_places,category,place,dorsal,2.260753622,Places
ST25,adults,25,lh,ITG_limbs,category,bodies,lateral,2.855007358,Bodies
ST25,adults,25,lh,LOS_limbs,category,bodies,lateral,5.137459164,Bodies
ST25,adults,25,lh,mFus_faces,category,face,ventral,1.46535658,Faces
ST25,adults,25,lh,MOG_places,category,place,dorsal,5.736911036,Places
ST25,adults,25,lh,MTG_limbs,category,bodies,lateral,4.76417234,Bodies
ST25,adults,25,lh,OTS_bodies,category,bodies,ventral,0.980494268,Bodies
ST25,adults,25,lh,pOTS_words,category,words,ventral,4.95574811,Words
ST25,adults,25,lh,pSTS_faces,category,face,lateral,1.03967601,Faces
STM10_190903_time_03_2,kids,15,lh,CoS_places,category,place,ventral,2.681231026,Places
STM10_190903_time_03_2,kids,15,lh,IPS_places,category,place,dorsal,5.843800513,Places
STM10_190903_time_03_2,kids,15,lh,ITG_limbs,category,bodies,lateral,3.329391432,Bodies
STM10_190903_time_03_2,kids,15,lh,LOS_limbs,category,bodies,lateral,2.137711136,Bodies
STM10_190903_time_03_2,kids,15,lh,mFus_faces,category,face,ventral,3.868543016,Faces
STM10_190903_time_03_2,kids,15,lh,MOG_places,category,place,dorsal,5.411257727,Places
STM10_190903_time_03_2,kids,15,lh,mOTS_words,category,words,ventral,0.880358465,Words
STM10_190903_time_03_2,kids,15,lh,MTG_limbs,category,bodies,lateral,1.8415258,Bodies
STM10_190903_time_03_2,kids,15,lh,OTS_bodies,category,bodies,ventral,2.227657876,Bodies
STM10_190903_time_03_2,kids,15,lh,pFus_faces,category,face,ventral,0.445869334,Faces
STM10_190903_time_03_2,kids,15,lh,pOTS_words,category,words,ventral,1.419789096,Words
STM10_190903_time_03_2,kids,15,lh,pSTS_faces,category,face,lateral,-0.6325674,Faces
TH181012,adults,32,lh,CoS_places,category,place,ventral,-0.159133238,Places
TH181012,adults,32,lh,IOG_faces,category,face,ventral,-0.922796282,Faces
TH181012,adults,32,lh,IPS_places,category,place,dorsal,0.363224773,Places
TH181012,adults,32,lh,ITG_limbs,category,bodies,lateral,0.664635238,Bodies
TH181012,adults,32,lh,LOS_limbs,category,bodies,lateral,0.575545348,Bodies
TH181012,adults,32,lh,mFus_faces,category,face,ventral,-0.212795777,Faces
TH181012,adults,32,lh,MOG_places,category,place,dorsal,0.516280662,Places
TH181012,adults,32,lh,MTG_limbs,category,bodies,lateral,0.66654217,Bodies
TH181012,adults,32,lh,OTS_bodies,category,bodies,ventral,0.389246964,Bodies
TH181012,adults,32,lh,pFus_faces,category,face,ventral,0.331083877,Faces
TH181012,adults,32,lh,pSTS_faces,category,face,lateral,0.13133512,Faces
TL24_190428_time_03_1,adults,24,lh,CoS_places,category,place,ventral,1.102669246,Places
TL24_190428_time_03_1,adults,24,lh,IOG_faces,category,face,ventral,2.50839642,Faces
TL24_190428_time_03_1,adults,24,lh,IPS_places,category,place,dorsal,3.408547569,Places
TL24_190428_time_03_1,adults,24,lh,ITG_limbs,category,bodies,lateral,3.440392482,Bodies
TL24_190428_time_03_1,adults,24,lh,LOS_limbs,category,bodies,lateral,5.199710818,Bodies
TL24_190428_time_03_1,adults,24,lh,mFus_faces,category,face,ventral,0.681095454,Faces
TL24_190428_time_03_1,adults,24,lh,MOG_places,category,place,dorsal,2.522654081,Places
TL24_190428_time_03_1,adults,24,lh,MTG_limbs,category,bodies,lateral,2.2349413,Bodies
TL24_190428_time_03_1,adults,24,lh,OTS_bodies,category,bodies,ventral,2.611315905,Bodies
TL24_190428_time_03_1,adults,24,lh,pFus_faces,category,face,ventral,1.341856922,Faces
TL24_190428_time_03_1,adults,24,lh,pOTS_words,category,words,ventral,0.653605436,Words
TL24_190428_time_03_1,adults,24,lh,pSTS_faces,category,face,lateral,-2.4497723,Faces
VN26,adults,30,lh,CoS_places,category,place,ventral,2.676883963,Places
VN26,adults,30,lh,IPS_places,category,place,dorsal,3.841763359,Places
VN26,adults,30,lh,ITG_limbs,category,bodies,lateral,2.683373496,Bodies
VN26,adults,30,lh,LOS_limbs,category,bodies,lateral,3.071926307,Bodies
VN26,adults,30,lh,MOG_places,category,place,dorsal,3.112443085,Places
VN26,adults,30,lh,mOTS_words,category,words,ventral,1.600279194,Words
VN26,adults,30,lh,MTG_limbs,category,bodies,lateral,1.75547589,Bodies
VN26,adults,30,lh,pFus_faces,category,face,ventral,1.031837322,Faces
VN26,adults,30,lh,pOTS_words,category,words,ventral,3.73265458,Words
VN26,adults,30,lh,pSTS_faces,category,face,lateral,1.02363288,Faces
AOK07_190203_time_03_2,kids,13,rh,CoS_places,category,place,ventral,3.92818809,Places
AOK07_190203_time_03_2,kids,13,rh,IOG_faces,category,face,ventral,2.057697763,Faces
AOK07_190203_time_03_2,kids,13,rh,IPS_places,category,place,dorsal,3.726688611,Places
AOK07_190203_time_03_2,kids,13,rh,ITG_limbs,category,bodies,lateral,3.691281339,Bodies
AOK07_190203_time_03_2,kids,13,rh,LOS_limbs,category,bodies,lateral,2.81863337,Bodies
AOK07_190203_time_03_2,kids,13,rh,mFus_faces,category,face,ventral,3.52788023,Faces
AOK07_190203_time_03_2,kids,13,rh,MOG_places,category,place,dorsal,5.984558291,Places
AOK07_190203_time_03_2,kids,13,rh,MTG_limbs,category,bodies,lateral,1.9107359,Bodies
AOK07_190203_time_03_2,kids,13,rh,OTS_bodies,category,bodies,ventral,1.233616121,Bodies
AOK07_190203_time_03_2,kids,13,rh,pSTS_faces,category,face,lateral,0.47469592,Faces
CGSA11_190910_time_04_1,kids,17,rh,CoS_places,category,place,ventral,3.889065541,Places
CGSA11_190910_time_04_1,kids,17,rh,IOG_faces,category,face,ventral,0.380217385,Faces
CGSA11_190910_time_04_1,kids,17,rh,IPS_places,category,place,dorsal,3.038458561,Places
CGSA11_190910_time_04_1,kids,17,rh,ITG_limbs,category,bodies,lateral,4.568310374,Bodies
CGSA11_190910_time_04_1,kids,17,rh,LOS_limbs,category,bodies,lateral,5.608815743,Bodies
CGSA11_190910_time_04_1,kids,17,rh,mFus_faces,category,face,ventral,1.372401032,Faces
CGSA11_190910_time_04_1,kids,17,rh,MOG_places,category,place,dorsal,3.533269721,Places
CGSA11_190910_time_04_1,kids,17,rh,MTG_limbs,category,bodies,lateral,3.60857679,Bodies
CGSA11_190910_time_04_1,kids,17,rh,OTS_bodies,category,bodies,ventral,0.800349936,Bodies
CGSA11_190910_time_04_1,kids,17,rh,pFus_faces,category,face,ventral,1.176071599,Faces
CGSA11_190910_time_04_1,kids,17,rh,pOTS_words,category,words,ventral,1.769709717,Words
CGSA11_190910_time_04_1,kids,17,rh,pSTS_faces,category,face,lateral,0.286427,Faces
CLC06_190912_time_04_1,kids,11,rh,CoS_places,category,place,ventral,2.57411997,Places
CLC06_190912_time_04_1,kids,11,rh,IPS_places,category,place,dorsal,2.039257602,Places
CLC06_190912_time_04_1,kids,11,rh,ITG_limbs,category,bodies,lateral,1.867221191,Bodies
CLC06_190912_time_04_1,kids,11,rh,LOS_limbs,category,bodies,lateral,1.720467149,Bodies
CLC06_190912_time_04_1,kids,11,rh,mFus_faces,category,face,ventral,1.769144549,Faces
CLC06_190912_time_04_1,kids,11,rh,MOG_places,category,place,dorsal,3.307618341,Places
CLC06_190912_time_04_1,kids,11,rh,MTG_limbs,category,bodies,lateral,1.49884301,Bodies
CLC06_190912_time_04_1,kids,11,rh,OTS_bodies,category,bodies,ventral,1.68926216,Bodies
CLC06_190912_time_04_1,kids,11,rh,pFus_faces,category,face,ventral,0.761676369,Faces
CLC06_190912_time_04_1,kids,11,rh,pSTS_faces,category,face,lateral,0.80466556,Faces
CR24_181106_time_03_2,adults,24,rh,CoS_places,category,place,ventral,2.651073935,Places
CR24_181106_time_03_2,adults,24,rh,IOG_faces,category,face,ventral,4.846005562,Faces
CR24_181106_time_03_2,adults,24,rh,LOS_limbs,category,bodies,lateral,5.005257704,Bodies
CR24_181106_time_03_2,adults,24,rh,mFus_faces,category,face,ventral,2.79673416,Faces
CR24_181106_time_03_2,adults,24,rh,MOG_places,category,place,dorsal,4.002600633,Places
CR24_181106_time_03_2,adults,24,rh,MTG_limbs,category,bodies,lateral,2.52647149,Bodies
CR24_181106_time_03_2,adults,24,rh,OTS_bodies,category,bodies,ventral,0.970563624,Bodies
CR24_181106_time_03_2,adults,24,rh,pFus_faces,category,face,ventral,5.014635841,Faces
CR24_181106_time_03_2,adults,24,rh,pOTS_words,category,words,ventral,2.965556327,Words
CR24_181106_time_03_2,adults,24,rh,pSTS_faces,category,face,lateral,0.40479958,Faces
CS11_181215_time_03_2,kids,14,rh,CoS_places,category,place,ventral,3.852340895,Places
CS11_181215_time_03_2,kids,14,rh,IOG_faces,category,face,ventral,0.027275433,Faces
CS11_181215_time_03_2,kids,14,rh,IPS_places,category,place,dorsal,6.860170218,Places
CS11_181215_time_03_2,kids,14,rh,ITG_limbs,category,bodies,lateral,1.586878786,Bodies
CS11_181215_time_03_2,kids,14,rh,LOS_limbs,category,bodies,lateral,5.11997808,Bodies
CS11_181215_time_03_2,kids,14,rh,MOG_places,category,place,dorsal,6.643819883,Places
CS11_181215_time_03_2,kids,14,rh,MTG_limbs,category,bodies,lateral,1.96911237,Bodies
CS11_181215_time_03_2,kids,14,rh,pFus_faces,category,face,ventral,0.977178246,Faces
CS11_181215_time_03_2,kids,14,rh,pOTS_words,category,words,ventral,1.28768665,Words
CS11_181215_time_03_2,kids,14,rh,pSTS_faces,category,face,lateral,0.74261123,Faces
CS22_190217_time_03_1,adults,22,rh,CoS_places,category,place,ventral,2.902759123,Places
CS22_190217_time_03_1,adults,22,rh,IOG_faces,category,face,ventral,1.065198389,Faces
CS22_190217_time_03_1,adults,22,rh,IPS_places,category,place,dorsal,4.248191301,Places
CS22_190217_time_03_1,adults,22,rh,ITG_limbs,category,bodies,lateral,3.770962573,Bodies
CS22_190217_time_03_1,adults,22,rh,LOS_limbs,category,bodies,lateral,5.35971233,Bodies
CS22_190217_time_03_1,adults,22,rh,mFus_faces,category,face,ventral,3.073362203,Faces
CS22_190217_time_03_1,adults,22,rh,MOG_places,category,place,dorsal,4.358066107,Places
CS22_190217_time_03_1,adults,22,rh,MTG_limbs,category,bodies,lateral,3.89497815,Bodies
CS22_190217_time_03_1,adults,22,rh,pFus_faces,category,face,ventral,3.981656198,Faces
CS22_190217_time_03_1,adults,22,rh,pSTS_faces,category,face,lateral,0.60262906,Faces
DAPA10_181201_time_03_2,kids,15,rh,CoS_places,category,place,ventral,3.152696547,Places
DAPA10_181201_time_03_2,kids,15,rh,IPS_places,category,place,dorsal,1.316035525,Places
DAPA10_181201_time_03_2,kids,15,rh,ITG_limbs,category,bodies,lateral,5.292001309,Bodies
DAPA10_181201_time_03_2,kids,15,rh,LOS_limbs,category,bodies,lateral,4.930190341,Bodies
DAPA10_181201_time_03_2,kids,15,rh,mFus_faces,category,face,ventral,1.255866991,Faces
DAPA10_181201_time_03_2,kids,15,rh,MOG_places,category,place,dorsal,6.082115305,Places
DAPA10_181201_time_03_2,kids,15,rh,MTG_limbs,category,bodies,lateral,2.85478956,Bodies
DAPA10_181201_time_03_2,kids,15,rh,OTS_bodies,category,bodies,ventral,4.135920739,Bodies
DAPA10_181201_time_03_2,kids,15,rh,pFus_faces,category,face,ventral,1.97014408,Faces
DAPA10_181201_time_03_2,kids,15,rh,pOTS_words,category,words,ventral,3.185041402,Words
DAPA10_181201_time_03_2,kids,15,rh,pSTS_faces,category,face,lateral,1.11257244,Faces
DAPA10_190921_time_04_1,kids,16,rh,CoS_places,category,place,ventral,3.837299445,Places
DAPA10_190921_time_04_1,kids,16,rh,IPS_places,category,place,dorsal,3.67532395,Places
DAPA10_190921_time_04_1,kids,16,rh,ITG_limbs,category,bodies,lateral,6.784739567,Bodies
DAPA10_190921_time_04_1,kids,16,rh,LOS_limbs,category,bodies,lateral,6.603316414,Bodies
DAPA10_190921_time_04_1,kids,16,rh,mFus_faces,category,face,ventral,0.401141002,Faces
DAPA10_190921_time_04_1,kids,16,rh,MOG_places,category,place,dorsal,8.1265984,Places
DAPA10_190921_time_04_1,kids,16,rh,MTG_limbs,category,bodies,lateral,3.74718854,Bodies
DAPA10_190921_time_04_1,kids,16,rh,OTS_bodies,category,bodies,ventral,5.45728258,Bodies
DAPA10_190921_time_04_1,kids,16,rh,pFus_faces,category,face,ventral,0.968432924,Faces
DAPA10_190921_time_04_1,kids,16,rh,pOTS_words,category,words,ventral,3.035426548,Words
DAPA10_190921_time_04_1,kids,16,rh,pSTS_faces,category,face,lateral,-0.0034433,Faces
df032518,adults,25,rh,CoS_places,category,place,ventral,1.970086207,Places
df032518,adults,25,rh,IPS_places,category,place,dorsal,2.626359251,Places
df032518,adults,25,rh,mFus_faces,category,face,ventral,2.462477434,Faces
df032518,adults,25,rh,MOG_places,category,place,dorsal,4.912847436,Places
df032518,adults,25,rh,MTG_limbs,category,bodies,lateral,2.07399214,Bodies
df032518,adults,25,rh,OTS_bodies,category,bodies,ventral,1.550959853,Bodies
df032518,adults,25,rh,pFus_faces,category,face,ventral,2.039814642,Faces
df032518,adults,25,rh,pOTS_words,category,words,ventral,1.330115322,Words
df032518,adults,25,rh,pSTS_faces,category,face,lateral,1.34980084,Faces
DRS22,adults,22,rh,CoS_places,category,place,ventral,2.643180901,Places
DRS22,adults,22,rh,IPS_places,category,place,dorsal,0.18750256,Places
DRS22,adults,22,rh,ITG_limbs,category,bodies,lateral,5.202720347,Bodies
DRS22,adults,22,rh,LOS_limbs,category,bodies,lateral,4.948445063,Bodies
DRS22,adults,22,rh,mFus_faces,category,face,ventral,1.118448181,Faces
DRS22,adults,22,rh,MOG_places,category,place,dorsal,5.205546415,Places
DRS22,adults,22,rh,MTG_limbs,category,bodies,lateral,1.12795262,Bodies
DRS22,adults,22,rh,OTS_bodies,category,bodies,ventral,1.833280095,Bodies
DRS22,adults,22,rh,pFus_faces,category,face,ventral,2.949669964,Faces
DRS22,adults,22,rh,pSTS_faces,category,face,lateral,0.87409531,Faces
ED07_190824_time_04_2,kids,11,rh,CoS_places,category,place,ventral,2.976339714,Places
ED07_190824_time_04_2,kids,11,rh,IOG_faces,category,face,ventral,0.162417976,Faces
ED07_190824_time_04_2,kids,11,rh,IPS_places,category,place,dorsal,2.494208851,Places
ED07_190824_time_04_2,kids,11,rh,ITG_limbs,category,bodies,lateral,2.989545334,Bodies
ED07_190824_time_04_2,kids,11,rh,LOS_limbs,category,bodies,lateral,2.433152142,Bodies
ED07_190824_time_04_2,kids,11,rh,mFus_faces,category,face,ventral,1.554989699,Faces
ED07_190824_time_04_2,kids,11,rh,MOG_places,category,place,dorsal,4.602620029,Places
ED07_190824_time_04_2,kids,11,rh,MTG_limbs,category,bodies,lateral,1.73177655,Bodies
ED07_190824_time_04_2,kids,11,rh,pFus_faces,category,face,ventral,2.913120452,Faces
ED07_190824_time_04_2,kids,11,rh,pSTS_faces,category,face,lateral,0.37502262,Faces
em_050317,adults,22,rh,CoS_places,category,place,ventral,4.325733314,Places
em_050317,adults,22,rh,IOG_faces,category,face,ventral,-0.470090154,Faces
em_050317,adults,22,rh,IPS_places,category,place,dorsal,4.300675092,Places
em_050317,adults,22,rh,ITG_limbs,category,bodies,lateral,5.524745381,Bodies
em_050317,adults,22,rh,LOS_limbs,category,bodies,lateral,6.754507573,Bodies
em_050317,adults,22,rh,mFus_faces,category,face,ventral,-2.960054291,Faces
em_050317,adults,22,rh,MOG_places,category,place,dorsal,0.785774686,Places
em_050317,adults,22,rh,MTG_limbs,category,bodies,lateral,3.72319934,Bodies
em_050317,adults,22,rh,OTS_bodies,category,bodies,ventral,3.753434923,Bodies
em_050317,adults,22,rh,pFus_faces,category,face,ventral,-0.636004424,Faces
em_050317,adults,22,rh,pSTS_faces,category,face,lateral,-2.2441176,Faces
ENK05_181201_time_03_1,kids,10,rh,CoS_places,category,place,ventral,3.694231548,Places
ENK05_181201_time_03_1,kids,10,rh,IOG_faces,category,face,ventral,-1.224516801,Faces
ENK05_181201_time_03_1,kids,10,rh,IPS_places,category,place,dorsal,5.993985207,Places
ENK05_181201_time_03_1,kids,10,rh,ITG_limbs,category,bodies,lateral,4.36894768,Bodies
ENK05_181201_time_03_1,kids,10,rh,LOS_limbs,category,bodies,lateral,6.375690719,Bodies
ENK05_181201_time_03_1,kids,10,rh,mFus_faces,category,face,ventral,1.796223714,Faces
ENK05_181201_time_03_1,kids,10,rh,MOG_places,category,place,dorsal,6.988282176,Places
ENK05_181201_time_03_1,kids,10,rh,MTG_limbs,category,bodies,lateral,1.69418698,Bodies
ENK05_181201_time_03_1,kids,10,rh,OTS_bodies,category,bodies,ventral,2.111781876,Bodies
ENK05_181201_time_03_1,kids,10,rh,pFus_faces,category,face,ventral,-1.224516801,Faces
ENK05_181201_time_03_1,kids,10,rh,pOTS_words,category,words,ventral,2.816450858,Words
ENK05_181201_time_03_1,kids,10,rh,pSTS_faces,category,face,lateral,1.01925208,Faces
ENK05_190203_time_03_2,kids,11,rh,CoS_places,category,place,ventral,3.461992225,Places
ENK05_190203_time_03_2,kids,11,rh,IOG_faces,category,face,ventral,0.16902122,Faces
ENK05_190203_time_03_2,kids,11,rh,IPS_places,category,place,dorsal,6.581739183,Places
ENK05_190203_time_03_2,kids,11,rh,ITG_limbs,category,bodies,lateral,3.152329474,Bodies
ENK05_190203_time_03_2,kids,11,rh,LOS_limbs,category,bodies,lateral,5.546910595,Bodies
ENK05_190203_time_03_2,kids,11,rh,mFus_faces,category,face,ventral,1.594725421,Faces
ENK05_190203_time_03_2,kids,11,rh,MOG_places,category,place,dorsal,8.275298878,Places
ENK05_190203_time_03_2,kids,11,rh,MTG_limbs,category,bodies,lateral,1.00211692,Bodies
ENK05_190203_time_03_2,kids,11,rh,OTS_bodies,category,bodies,ventral,1.869843512,Bodies
ENK05_190203_time_03_2,kids,11,rh,pFus_faces,category,face,ventral,3.270782065,Faces
ENK05_190203_time_03_2,kids,11,rh,pSTS_faces,category,face,lateral,1.75627455,Faces
es103118,adults,28,rh,CoS_places,category,place,ventral,0.956418596,Places
es103118,adults,28,rh,IOG_faces,category,face,ventral,0.166156086,Faces
es103118,adults,28,rh,IPS_places,category,place,dorsal,0.627734482,Places
es103118,adults,28,rh,ITG_limbs,category,bodies,lateral,-0.370761271,Bodies
es103118,adults,28,rh,LOS_limbs,category,bodies,lateral,-2.504326085,Bodies
es103118,adults,28,rh,mFus_faces,category,face,ventral,0.586653191,Faces
es103118,adults,28,rh,MOG_places,category,place,dorsal,1.071512577,Places
es103118,adults,28,rh,MTG_limbs,category,bodies,lateral,1.53779628,Bodies
es103118,adults,28,rh,OTS_bodies,category,bodies,ventral,-0.519544725,Bodies
es103118,adults,28,rh,pFus_faces,category,face,ventral,-0.726132535,Faces
es103118,adults,28,rh,pSTS_faces,category,face,lateral,0.89236696,Faces
GB23_190117_time_03_1,adults,23,rh,CoS_places,category,place,ventral,2.519313206,Places
GB23_190117_time_03_1,adults,23,rh,IPS_places,category,place,dorsal,2.408097086,Places
GB23_190117_time_03_1,adults,23,rh,ITG_limbs,category,bodies,lateral,4.749249084,Bodies
GB23_190117_time_03_1,adults,23,rh,LOS_limbs,category,bodies,lateral,3.656665724,Bodies
GB23_190117_time_03_1,adults,23,rh,MOG_places,category,place,dorsal,4.318267885,Places
GB23_190117_time_03_1,adults,23,rh,MTG_limbs,category,bodies,lateral,2.63674367,Bodies
GB23_190117_time_03_1,adults,23,rh,pFus_faces,category,face,ventral,2.525128652,Faces
GB23_190117_time_03_1,adults,23,rh,pOTS_words,category,words,ventral,1.913800924,Words
GB23_190117_time_03_1,adults,23,rh,pSTS_faces,category,face,lateral,0.42819692,Faces
GEJA09_190921_time_04_1,kids,14,rh,CoS_places,category,place,ventral,2.111392603,Places
GEJA09_190921_time_04_1,kids,14,rh,IOG_faces,category,face,ventral,0.401341718,Faces
GEJA09_190921_time_04_1,kids,14,rh,IPS_places,category,place,dorsal,4.225190121,Places
GEJA09_190921_time_04_1,kids,14,rh,ITG_limbs,category,bodies,lateral,2.006973231,Bodies
GEJA09_190921_time_04_1,kids,14,rh,LOS_limbs,category,bodies,lateral,4.611145735,Bodies
GEJA09_190921_time_04_1,kids,14,rh,MOG_places,category,place,dorsal,2.149091077,Places
GEJA09_190921_time_04_1,kids,14,rh,MTG_limbs,category,bodies,lateral,3.06978539,Bodies
GEJA09_190921_time_04_1,kids,14,rh,OTS_bodies,category,bodies,ventral,1.56269772,Bodies
GEJA09_190921_time_04_1,kids,14,rh,pFus_faces,category,face,ventral,3.102015272,Faces
GEJA09_190921_time_04_1,kids,14,rh,pSTS_faces,category,face,lateral,0.76579633,Faces
INW06_191006_time_04_1,kids,12,rh,IPS_places,category,place,dorsal,3.881613868,Places
INW06_191006_time_04_1,kids,12,rh,ITG_limbs,category,bodies,lateral,4.298808281,Bodies
INW06_191006_time_04_1,kids,12,rh,LOS_limbs,category,bodies,lateral,4.1054842,Bodies
INW06_191006_time_04_1,kids,12,rh,MOG_places,category,place,dorsal,4.714270586,Places
INW06_191006_time_04_1,kids,12,rh,MTG_limbs,category,bodies,lateral,2.63709104,Bodies
INW06_191006_time_04_1,kids,12,rh,pSTS_faces,category,face,lateral,-1.7374545,Faces
JEW23_181211_time_03_1,adults,23,rh,CoS_places,category,place,ventral,2.000072732,Places
JEW23_181211_time_03_1,adults,23,rh,IOG_faces,category,face,ventral,2.411763571,Faces
JEW23_181211_time_03_1,adults,23,rh,IPS_places,category,place,dorsal,5.575749666,Places
JEW23_181211_time_03_1,adults,23,rh,ITG_limbs,category,bodies,lateral,3.794190751,Bodies
JEW23_181211_time_03_1,adults,23,rh,LOS_limbs,category,bodies,lateral,6.108290114,Bodies
JEW23_181211_time_03_1,adults,23,rh,MOG_places,category,place,dorsal,4.882786531,Places
JEW23_181211_time_03_1,adults,23,rh,MTG_limbs,category,bodies,lateral,3.37929679,Bodies
JEW23_181211_time_03_1,adults,23,rh,OTS_bodies,category,bodies,ventral,2.416355307,Bodies
JEW23_181211_time_03_1,adults,23,rh,pFus_faces,category,face,ventral,1.730322323,Faces
JEW23_181211_time_03_1,adults,23,rh,pSTS_faces,category,face,lateral,0.01872081,Faces
JP23_170111_time_02_1,adults,23,rh,CoS_places,category,place,ventral,0.611984137,Places
JP23_170111_time_02_1,adults,23,rh,IOG_faces,category,face,ventral,-0.142038401,Faces
JP23_170111_time_02_1,adults,23,rh,IPS_places,category,place,dorsal,-0.219258614,Places
JP23_170111_time_02_1,adults,23,rh,ITG_limbs,category,bodies,lateral,0.016335207,Bodies
JP23_170111_time_02_1,adults,23,rh,LOS_limbs,category,bodies,lateral,0.290506152,Bodies
JP23_170111_time_02_1,adults,23,rh,mFus_faces,category,face,ventral,0.146213037,Faces
JP23_170111_time_02_1,adults,23,rh,MOG_places,category,place,dorsal,-0.192598342,Places
JP23_170111_time_02_1,adults,23,rh,MTG_limbs,category,bodies,lateral,0.33205429,Bodies
JP23_170111_time_02_1,adults,23,rh,OTS_bodies,category,bodies,ventral,-0.126913173,Bodies
JP23_170111_time_02_1,adults,23,rh,pFus_faces,category,face,ventral,0.319535056,Faces
JP23_170111_time_02_1,adults,23,rh,pSTS_faces,category,face,lateral,2.28512006,Faces
jw103018,adults,28,rh,CoS_places,category,place,ventral,0.23015244,Places
jw103018,adults,28,rh,IOG_faces,category,face,ventral,-0.185967789,Faces
jw103018,adults,28,rh,IPS_places,category,place,dorsal,0.218269287,Places
jw103018,adults,28,rh,ITG_limbs,category,bodies,lateral,0.603762049,Bodies
jw103018,adults,28,rh,LOS_limbs,category,bodies,lateral,-1.885782796,Bodies
jw103018,adults,28,rh,mFus_faces,category,face,ventral,0.586351257,Faces
jw103018,adults,28,rh,MOG_places,category,place,dorsal,-0.10055536,Places
jw103018,adults,28,rh,MTG_limbs,category,bodies,lateral,-0.7736909,Bodies
jw103018,adults,28,rh,OTS_bodies,category,bodies,ventral,-1.370116321,Bodies
jw103018,adults,28,rh,pFus_faces,category,face,ventral,-0.126308248,Faces
jw103018,adults,28,rh,pSTS_faces,category,face,lateral,-0.3167377,Faces
KG22_190128_time_03_1,adults,26,rh,CoS_places,category,place,ventral,2.960974009,Places
KG22_190128_time_03_1,adults,26,rh,IPS_places,category,place,dorsal,3.192751249,Places
KG22_190128_time_03_1,adults,26,rh,mFus_faces,category,face,ventral,1.349346394,Faces
KG22_190128_time_03_1,adults,26,rh,MOG_places,category,place,dorsal,2.992896389,Places
KG22_190128_time_03_1,adults,26,rh,MTG_limbs,category,bodies,lateral,0.57881369,Bodies
KG22_190128_time_03_1,adults,26,rh,OTS_bodies,category,bodies,ventral,1.494748538,Bodies
KG22_190128_time_03_1,adults,26,rh,pFus_faces,category,face,ventral,0.679874086,Faces
KG22_190128_time_03_1,adults,26,rh,pSTS_faces,category,face,lateral,0.16158027,Faces
KM25_181204_time_03_1,adults,25,rh,CoS_places,category,place,ventral,5.121621354,Places
KM25_181204_time_03_1,adults,25,rh,IOG_faces,category,face,ventral,1.453239051,Faces
KM25_181204_time_03_1,adults,25,rh,IPS_places,category,place,dorsal,0.818304137,Places
KM25_181204_time_03_1,adults,25,rh,ITG_limbs,category,bodies,lateral,2.756335006,Bodies
KM25_181204_time_03_1,adults,25,rh,LOS_limbs,category,bodies,lateral,5.048150455,Bodies
KM25_181204_time_03_1,adults,25,rh,mFus_faces,category,face,ventral,3.064733449,Faces
KM25_181204_time_03_1,adults,25,rh,MOG_places,category,place,dorsal,3.441208628,Places
KM25_181204_time_03_1,adults,25,rh,MTG_limbs,category,bodies,lateral,0.89497564,Bodies
KM25_181204_time_03_1,adults,25,rh,pFus_faces,category,face,ventral,2.61888622,Faces
KM25_181204_time_03_1,adults,25,rh,pOTS_words,category,words,ventral,3.185811898,Words
KM25_181204_time_03_1,adults,25,rh,pSTS_faces,category,face,lateral,0.62337148,Faces
MBA24_190130_time_03_1,adults,28,rh,CoS_places,category,place,ventral,2.12332693,Places
MBA24_190130_time_03_1,adults,28,rh,IPS_places,category,place,dorsal,3.087101942,Places
MBA24_190130_time_03_1,adults,28,rh,ITG_limbs,category,bodies,lateral,1.944675598,Bodies
MBA24_190130_time_03_1,adults,28,rh,LOS_limbs,category,bodies,lateral,1.747699781,Bodies
MBA24_190130_time_03_1,adults,28,rh,MOG_places,category,place,dorsal,3.268787087,Places
MBA24_190130_time_03_1,adults,28,rh,MTG_limbs,category,bodies,lateral,1.5681523,Bodies
MBA24_190130_time_03_1,adults,28,rh,OTS_bodies,category,bodies,ventral,1.124757014,Bodies
MBA24_190130_time_03_1,adults,28,rh,pFus_faces,category,face,ventral,0.865561359,Faces
MBA24_190130_time_03_1,adults,28,rh,pOTS_words,category,words,ventral,1.330111812,Words
MBA24_190130_time_03_1,adults,28,rh,pSTS_faces,category,face,lateral,-0.0113834,Faces
MDT09_191027_time_03_2,kids,14,rh,CoS_places,category,place,ventral,3.795692466,Places
MDT09_191027_time_03_2,kids,14,rh,IOG_faces,category,face,ventral,0.211124,Faces
MDT09_191027_time_03_2,kids,14,rh,IPS_places,category,place,dorsal,4.674616125,Places
MDT09_191027_time_03_2,kids,14,rh,ITG_limbs,category,bodies,lateral,5.056447332,Bodies
MDT09_191027_time_03_2,kids,14,rh,LOS_limbs,category,bodies,lateral,4.821742159,Bodies
MDT09_191027_time_03_2,kids,14,rh,mFus_faces,category,face,ventral,1.030800084,Faces
MDT09_191027_time_03_2,kids,14,rh,MOG_places,category,place,dorsal,5.475400958,Places
MDT09_191027_time_03_2,kids,14,rh,OTS_bodies,category,bodies,ventral,1.505713399,Bodies
MDT09_191027_time_03_2,kids,14,rh,pFus_faces,category,face,ventral,0.885239387,Faces
MDT09_191027_time_03_2,kids,14,rh,pOTS_words,category,words,ventral,3.185882481,Words
MDT09_191027_time_03_2,kids,14,rh,pSTS_faces,category,face,lateral,-1.0196381,Faces
mg_041817,adults,29,rh,CoS_places,category,place,ventral,3.201223269,Places
mg_041817,adults,29,rh,IOG_faces,category,face,ventral,-0.508321549,Faces
mg_041817,adults,29,rh,IPS_places,category,place,dorsal,-1.021028231,Places
mg_041817,adults,29,rh,ITG_limbs,category,bodies,lateral,4.16721097,Bodies
mg_041817,adults,29,rh,LOS_limbs,category,bodies,lateral,3.887816683,Bodies
mg_041817,adults,29,rh,mFus_faces,category,face,ventral,-1.062510386,Faces
mg_041817,adults,29,rh,MTG_limbs,category,bodies,lateral,2.70390797,Bodies
mg_041817,adults,29,rh,OTS_bodies,category,bodies,ventral,1.760523555,Bodies
mg_041817,adults,29,rh,pFus_faces,category,face,ventral,-0.449763417,Faces
mg_041817,adults,29,rh,pOTS_words,category,words,ventral,1.995736837,Words
mg_041817,adults,29,rh,pSTS_faces,category,face,lateral,-0.6659531,Faces
mh102018,adults,25,rh,CoS_places,category,place,ventral,0.629388594,Places
mh102018,adults,25,rh,IOG_faces,category,face,ventral,0.3625925,Faces
mh102018,adults,25,rh,IPS_places,category,place,dorsal,-1.743966281,Places
mh102018,adults,25,rh,ITG_limbs,category,bodies,lateral,0.087110317,Bodies
mh102018,adults,25,rh,LOS_limbs,category,bodies,lateral,0.371729212,Bodies
mh102018,adults,25,rh,mFus_faces,category,face,ventral,-0.035378889,Faces
mh102018,adults,25,rh,MOG_places,category,place,dorsal,-1.743966281,Places
mh102018,adults,25,rh,MTG_limbs,category,bodies,lateral,-0.2124656,Bodies
mh102018,adults,25,rh,OTS_bodies,category,bodies,ventral,0.109134396,Bodies
mh102018,adults,25,rh,pFus_faces,category,face,ventral,-0.141729622,Faces
mh102018,adults,25,rh,pSTS_faces,category,face,lateral,0.82073654,Faces
MN181023,adults,25,rh,CoS_places,category,place,ventral,-0.461750777,Places
MN181023,adults,25,rh,IOG_faces,category,face,ventral,0.616403887,Faces
MN181023,adults,25,rh,IPS_places,category,place,dorsal,0.352702197,Places
MN181023,adults,25,rh,ITG_limbs,category,bodies,lateral,-0.420071792,Bodies
MN181023,adults,25,rh,LOS_limbs,category,bodies,lateral,-0.368197123,Bodies
MN181023,adults,25,rh,mFus_faces,category,face,ventral,0.428012641,Faces
MN181023,adults,25,rh,MOG_places,category,place,dorsal,0.352702197,Places
MN181023,adults,25,rh,MTG_limbs,category,bodies,lateral,-0.4200718,Bodies
MN181023,adults,25,rh,OTS_bodies,category,bodies,ventral,-0.399714672,Bodies
MN181023,adults,25,rh,pFus_faces,category,face,ventral,0.428012641,Faces
MN181023,adults,25,rh,pSTS_faces,category,face,lateral,0.50919518,Faces
MSH28_181008_time_03_1,adults,31,rh,CoS_places,category,place,ventral,1.880249703,Places
MSH28_181008_time_03_1,adults,31,rh,IOG_faces,category,face,ventral,1.577337301,Faces
MSH28_181008_time_03_1,adults,31,rh,IPS_places,category,place,dorsal,2.160441932,Places
MSH28_181008_time_03_1,adults,31,rh,ITG_limbs,category,bodies,lateral,1.808400654,Bodies
MSH28_181008_time_03_1,adults,31,rh,LOS_limbs,category,bodies,lateral,2.729270448,Bodies
MSH28_181008_time_03_1,adults,31,rh,MOG_places,category,place,dorsal,3.066591442,Places
MSH28_181008_time_03_1,adults,31,rh,MTG_limbs,category,bodies,lateral,1.24959009,Bodies
MSH28_181008_time_03_1,adults,31,rh,OTS_bodies,category,bodies,ventral,1.186473126,Bodies
MSH28_181008_time_03_1,adults,31,rh,pFus_faces,category,face,ventral,1.802171962,Faces
MSH28_181008_time_03_1,adults,31,rh,pSTS_faces,category,face,lateral,0.35488314,Faces
MW23_190306_time_03_1,adults,23,rh,CoS_places,category,place,ventral,3.21632363,Places
MW23_190306_time_03_1,adults,23,rh,IOG_faces,category,face,ventral,2.14945623,Faces
MW23_190306_time_03_1,adults,23,rh,IPS_places,category,place,dorsal,5.76445356,Places
MW23_190306_time_03_1,adults,23,rh,ITG_limbs,category,bodies,lateral,6.351941834,Bodies
MW23_190306_time_03_1,adults,23,rh,LOS_limbs,category,bodies,lateral,4.956921134,Bodies
MW23_190306_time_03_1,adults,23,rh,mFus_faces,category,face,ventral,2.211038269,Faces
MW23_190306_time_03_1,adults,23,rh,MOG_places,category,place,dorsal,5.638021465,Places
MW23_190306_time_03_1,adults,23,rh,MTG_limbs,category,bodies,lateral,3.59899396,Bodies
MW23_190306_time_03_1,adults,23,rh,OTS_bodies,category,bodies,ventral,1.327795594,Bodies
MW23_190306_time_03_1,adults,23,rh,pFus_faces,category,face,ventral,3.7437754,Faces
MW23_190306_time_03_1,adults,23,rh,pSTS_faces,category,face,lateral,1.46570654,Faces
MZ190410,adults,23,rh,CoS_places,category,place,ventral,1.02564511,Places
MZ190410,adults,23,rh,IOG_faces,category,face,ventral,1.717150777,Faces
MZ190410,adults,23,rh,IPS_places,category,place,dorsal,3.247610365,Places
MZ190410,adults,23,rh,ITG_limbs,category,bodies,lateral,0.396560372,Bodies
MZ190410,adults,23,rh,LOS_limbs,category,bodies,lateral,2.469887621,Bodies
MZ190410,adults,23,rh,mFus_faces,category,face,ventral,1.088570691,Faces
MZ190410,adults,23,rh,MOG_places,category,place,dorsal,3.74861961,Places
MZ190410,adults,23,rh,MTG_limbs,category,bodies,lateral,0.93079428,Bodies
MZ190410,adults,23,rh,OTS_bodies,category,bodies,ventral,0.620880339,Bodies
MZ190410,adults,23,rh,pFus_faces,category,face,ventral,0.730443927,Faces
MZ190410,adults,23,rh,pOTS_words,category,words,ventral,2.260669451,Words
MZ190410,adults,23,rh,pSTS_faces,category,face,lateral,0.2617611,Faces
NAV22_181218_time_03_1,adults,22,rh,CoS_places,category,place,ventral,3.790061002,Places
NAV22_181218_time_03_1,adults,22,rh,IOG_faces,category,face,ventral,1.808945818,Faces
NAV22_181218_time_03_1,adults,22,rh,IPS_places,category,place,dorsal,5.146315506,Places
NAV22_181218_time_03_1,adults,22,rh,ITG_limbs,category,bodies,lateral,2.579344425,Bodies
NAV22_181218_time_03_1,adults,22,rh,LOS_limbs,category,bodies,lateral,3.823346544,Bodies
NAV22_181218_time_03_1,adults,22,rh,mFus_faces,category,face,ventral,4.436801829,Faces
NAV22_181218_time_03_1,adults,22,rh,MOG_places,category,place,dorsal,3.188664969,Places
NAV22_181218_time_03_1,adults,22,rh,MTG_limbs,category,bodies,lateral,2.70289167,Bodies
NAV22_181218_time_03_1,adults,22,rh,OTS_bodies,category,bodies,ventral,-0.003196462,Bodies
NAV22_181218_time_03_1,adults,22,rh,pFus_faces,category,face,ventral,3.700807214,Faces
NAV22_181218_time_03_1,adults,22,rh,pOTS_words,category,words,ventral,0.121220186,Words
NAV22_181218_time_03_1,adults,22,rh,pSTS_faces,category,face,lateral,-0.0496668,Faces
NC24_190217_time_03_1,adults,24,rh,CoS_places,category,place,ventral,4.598059431,Places
NC24_190217_time_03_1,adults,24,rh,IOG_faces,category,face,ventral,2.321073673,Faces
NC24_190217_time_03_1,adults,24,rh,IPS_places,category,place,dorsal,4.351135406,Places
NC24_190217_time_03_1,adults,24,rh,ITG_limbs,category,bodies,lateral,1.461653576,Bodies
NC24_190217_time_03_1,adults,24,rh,LOS_limbs,category,bodies,lateral,3.403090748,Bodies
NC24_190217_time_03_1,adults,24,rh,mFus_faces,category,face,ventral,2.599577699,Faces
NC24_190217_time_03_1,adults,24,rh,MOG_places,category,place,dorsal,3.071022962,Places
NC24_190217_time_03_1,adults,24,rh,MTG_limbs,category,bodies,lateral,0.91089202,Bodies
NC24_190217_time_03_1,adults,24,rh,pOTS_words,category,words,ventral,1.33634807,Words
NC24_190217_time_03_1,adults,24,rh,pSTS_faces,category,face,lateral,-0.1030397,Faces
OS12_190724_time_06_1,kids,17,rh,CoS_places,category,place,ventral,2.991137843,Places
OS12_190724_time_06_1,kids,17,rh,IOG_faces,category,face,ventral,0.861038115,Faces
OS12_190724_time_06_1,kids,17,rh,IPS_places,category,place,dorsal,4.07300699,Places
OS12_190724_time_06_1,kids,17,rh,ITG_limbs,category,bodies,lateral,1.108440039,Bodies
OS12_190724_time_06_1,kids,17,rh,LOS_limbs,category,bodies,lateral,2.212026189,Bodies
OS12_190724_time_06_1,kids,17,rh,mFus_faces,category,face,ventral,2.372106879,Faces
OS12_190724_time_06_1,kids,17,rh,MOG_places,category,place,dorsal,3.276892105,Places
OS12_190724_time_06_1,kids,17,rh,MTG_limbs,category,bodies,lateral,1.69652339,Bodies
OS12_190724_time_06_1,kids,17,rh,OTS_bodies,category,bodies,ventral,-0.265148684,Bodies
OS12_190724_time_06_1,kids,17,rh,pFus_faces,category,face,ventral,3.89830327,Faces
OS12_190724_time_06_1,kids,17,rh,pSTS_faces,category,face,lateral,0.05063392,Faces
RJ09_190810_time_04_1,kids,12,rh,CoS_places,category,place,ventral,2.926586745,Places
RJ09_190810_time_04_1,kids,12,rh,IOG_faces,category,face,ventral,0.492362224,Faces
RJ09_190810_time_04_1,kids,12,rh,IPS_places,category,place,dorsal,0.754732932,Places
RJ09_190810_time_04_1,kids,12,rh,ITG_limbs,category,bodies,lateral,1.730069325,Bodies
RJ09_190810_time_04_1,kids,12,rh,LOS_limbs,category,bodies,lateral,4.936259817,Bodies
RJ09_190810_time_04_1,kids,12,rh,mFus_faces,category,face,ventral,2.0749328,Faces
RJ09_190810_time_04_1,kids,12,rh,MOG_places,category,place,dorsal,4.953239053,Places
RJ09_190810_time_04_1,kids,12,rh,MTG_limbs,category,bodies,lateral,1.57475722,Bodies
RJ09_190810_time_04_1,kids,12,rh,OTS_bodies,category,bodies,ventral,2.492592661,Bodies
RJ09_190810_time_04_1,kids,12,rh,pFus_faces,category,face,ventral,3.340792909,Faces
RJ09_190810_time_04_1,kids,12,rh,pSTS_faces,category,face,lateral,0.67884154,Faces
SP171101,adults,30,rh,CoS_places,category,place,ventral,1.79358872,Places
SP171101,adults,30,rh,IOG_faces,category,face,ventral,2.924722011,Faces
SP171101,adults,30,rh,IPS_places,category,place,dorsal,2.434341839,Places
SP171101,adults,30,rh,ITG_limbs,category,bodies,lateral,4.300836596,Bodies
SP171101,adults,30,rh,LOS_limbs,category,bodies,lateral,3.501705452,Bodies
SP171101,adults,30,rh,mFus_faces,category,face,ventral,3.325532614,Faces
SP171101,adults,30,rh,MOG_places,category,place,dorsal,2.175742083,Places
SP171101,adults,30,rh,MTG_limbs,category,bodies,lateral,2.47784207,Bodies
SP171101,adults,30,rh,OTS_bodies,category,bodies,ventral,1.893123956,Bodies
SP171101,adults,30,rh,pFus_faces,category,face,ventral,4.396344181,Faces
SP171101,adults,30,rh,pSTS_faces,category,face,lateral,2.148555,Faces
ST25,adults,25,rh,CoS_places,category,place,ventral,5.137328408,Places
ST25,adults,25,rh,IOG_faces,category,face,ventral,1.487911481,Faces
ST25,adults,25,rh,IPS_places,category,place,dorsal,6.730026657,Places
ST25,adults,25,rh,ITG_limbs,category,bodies,lateral,3.571708811,Bodies
ST25,adults,25,rh,LOS_limbs,category,bodies,lateral,6.256673946,Bodies
ST25,adults,25,rh,mFus_faces,category,face,ventral,2.028655356,Faces
ST25,adults,25,rh,MOG_places,category,place,dorsal,3.359884056,Places
ST25,adults,25,rh,MTG_limbs,category,bodies,lateral,1.35955257,Bodies
ST25,adults,25,rh,OTS_bodies,category,bodies,ventral,2.224196334,Bodies
ST25,adults,25,rh,pFus_faces,category,face,ventral,2.422128782,Faces
ST25,adults,25,rh,pOTS_words,category,words,ventral,0.307142928,Words
ST25,adults,25,rh,pSTS_faces,category,face,lateral,0.35264276,Faces
STM10_190903_time_03_2,kids,15,rh,CoS_places,category,place,ventral,4.34037205,Places
STM10_190903_time_03_2,kids,15,rh,IOG_faces,category,face,ventral,1.484503662,Faces
STM10_190903_time_03_2,kids,15,rh,IPS_places,category,place,dorsal,6.577916301,Places
STM10_190903_time_03_2,kids,15,rh,ITG_limbs,category,bodies,lateral,5.032602162,Bodies
STM10_190903_time_03_2,kids,15,rh,LOS_limbs,category,bodies,lateral,4.354659759,Bodies
STM10_190903_time_03_2,kids,15,rh,mFus_faces,category,face,ventral,2.517088409,Faces
STM10_190903_time_03_2,kids,15,rh,MOG_places,category,place,dorsal,7.495071676,Places
STM10_190903_time_03_2,kids,15,rh,MTG_limbs,category,bodies,lateral,5.21531159,Bodies
STM10_190903_time_03_2,kids,15,rh,OTS_bodies,category,bodies,ventral,1.164524428,Bodies
STM10_190903_time_03_2,kids,15,rh,pFus_faces,category,face,ventral,1.124473841,Faces
STM10_190903_time_03_2,kids,15,rh,pSTS_faces,category,face,lateral,0.9583612,Faces
TH181012,adults,32,rh,CoS_places,category,place,ventral,0.134844772,Places
TH181012,adults,32,rh,IOG_faces,category,face,ventral,1.933044495,Faces
TH181012,adults,32,rh,IPS_places,category,place,dorsal,-1.344194183,Places
TH181012,adults,32,rh,ITG_limbs,category,bodies,lateral,-0.097588484,Bodies
TH181012,adults,32,rh,LOS_limbs,category,bodies,lateral,0.256142185,Bodies
TH181012,adults,32,rh,mFus_faces,category,face,ventral,0.587931402,Faces
TH181012,adults,32,rh,MOG_places,category,place,dorsal,-2.155639229,Places
TH181012,adults,32,rh,MTG_limbs,category,bodies,lateral,0.29852072,Bodies
TH181012,adults,32,rh,OTS_bodies,category,bodies,ventral,1.5824148200000001,Bodies
TH181012,adults,32,rh,pFus_faces,category,face,ventral,1.19520554,Faces
TH181012,adults,32,rh,pSTS_faces,category,face,lateral,1.20330614,Faces
TL24_190428_time_03_1,adults,24,rh,CoS_places,category,place,ventral,1.837007858,Places
TL24_190428_time_03_1,adults,24,rh,IOG_faces,category,face,ventral,2.296570364,Faces
TL24_190428_time_03_1,adults,24,rh,IPS_places,category,place,dorsal,2.670616647,Places
TL24_190428_time_03_1,adults,24,rh,ITG_limbs,category,bodies,lateral,4.847161253,Bodies
TL24_190428_time_03_1,adults,24,rh,LOS_limbs,category,bodies,lateral,5.469947288,Bodies
TL24_190428_time_03_1,adults,24,rh,mFus_faces,category,face,ventral,0.488315036,Faces
TL24_190428_time_03_1,adults,24,rh,MOG_places,category,place,dorsal,3.255611275,Places
TL24_190428_time_03_1,adults,24,rh,MTG_limbs,category,bodies,lateral,6.39140764,Bodies
TL24_190428_time_03_1,adults,24,rh,OTS_bodies,category,bodies,ventral,2.085946907,Bodies
TL24_190428_time_03_1,adults,24,rh,pSTS_faces,category,face,lateral,-0.2281909,Faces
VN26,adults,30,rh,CoS_places,category,place,ventral,3.789336455,Places
VN26,adults,30,rh,IPS_places,category,place,dorsal,3.430181462,Places
VN26,adults,30,rh,ITG_limbs,category,bodies,lateral,1.363843997,Bodies
VN26,adults,30,rh,LOS_limbs,category,bodies,lateral,3.066543234,Bodies
VN26,adults,30,rh,mFus_faces,category,face,ventral,1.556833469,Faces
VN26,adults,30,rh,MOG_places,category,place,dorsal,4.902804347,Places
VN26,adults,30,rh,MTG_limbs,category,bodies,lateral,0.62503609,Bodies
VN26,adults,30,rh,pFus_faces,category,face,ventral,2.650199015,Faces
VN26,adults,30,rh,pSTS_faces,category,face,lateral,1.88703565,Faces
df032518,adults,25,mh,CoS_places,category,place,ventral,NA,Places
df032518,adults,25,mh,IPS_places,category,place,dorsal,NA,Places
df032518,adults,25,mh,ITG_limbs,category,bodies,lateral,NA,Bodies
df032518,adults,25,mh,LOS_limbs,category,bodies,lateral,NA,Bodies
df032518,adults,25,mh,mFus_faces,category,face,ventral,NA,Faces
df032518,adults,25,mh,MOG_places,category,place,dorsal,NA,Places
df032518,adults,25,mh,mOTS_words,category,words,ventral,NA,Words
df032518,adults,25,mh,MTG_limbs,category,bodies,lateral,NA,Bodies
df032518,adults,25,mh,OTS_bodies,category,bodies,ventral,NA,Bodies
df032518,adults,25,mh,pFus_faces,category,face,ventral,NA,Faces
df032518,adults,25,mh,pOTS_words,category,words,ventral,NA,Words
df032518,adults,25,mh,pSTS_faces,category,face,lateral,NA,Faces
df032518,adults,25,lh,blank,category,other,other,NA,other
df032518,adults,25,rh,blank,category,other,other,NA,other
df032518,adults,25,mh,blank,category,other,other,NA,other
df032518,adults,25,zh,blank,category,other,other,NA,other
df032518,adults,25,lh,blank1,category,other,other,NA,other
df032518,adults,25,rh,blank2,category,other,other,NA,other
df032518,adults,25,mh,blank3,category,other,other,NA,other
df032518,adults,25,zh,blank4,category,other,other,NA,other